n,mean,std
19173.0,0.8802302390079177,0.09170832261366832
